label,content
1,học nghề nấu ăn ở hướng nghiệp âu ổn ai học review
0,trường đại học ngoại thương tuyển thẳng nghành nào
0,e định vô đại học công nghiệp tp hcm ý kiến
0,ai đi du học
0,đơn đăng kí nếu ghi thi khối c03 ngành công an thi xong đổi nguyện vọng trường hutech đỗ xét học bạ
0,bây giờ trường công lập nào xét học bạ ngành điều dưỡng
0,nếu thi tốt nghiệp nam lúc chỉnh sửa nguyện vọng đăng kí trường ở hn học
0,năm 12 hiện tại chưa định hướng ngành học dự định học khối a00 tiếng anh em học lắm giống 85 mong tư vấn giúp
0,achi nào sách ôn cơ bản nâng cao này
0,nên chọn luật dược đầu ra
0,nên học khoa liên kết nước ngoài đại học ngoại thương đại học quốc tế đhqghcm
0,thi đại học chỉ thi tốt nghiệp mong muốn thi công việc mong tư vấn đc khả năng ăn nói kinh doanh
0,buôn bán khéo ăn nói nên chọn ngành nào ý kiến
0,rớt đại học học nghề tóc ổn
0,ngành nào nữ đầu ra
0,giữa quản trị khách sạn quản trị nhân sự nên chọn nào
1,phân vân giữa tài chính ngân hàng công nghệ thực phẩm lời khuyên
0,chút quản trị khách sạn nên học đại học cao đẳng đại học trường nào giảng dạy cao đẳng trường nào giảng dạy ở miền bắc
0,nếu như chọn tổ hợp xã hội thi tốt nghiệp ngành chọn học xét khối a vậy
0,hoá học giỏi hoá học chuyên học sư phạm hoá ổn
0,có thể liên thông trái ngành chuyển ngành bao nhiêu năm
0,giữa trường đại học tài chính marketing đại học tôn đức thắng nên học trường nào ngành dự định học tài chính ngân hàng hoặc kinh doanh quốc tế mong tư vấn giúp
0,học khối a nên học ngành nào học trường nào ở miền trung
1,ngừoi chút reivew trường saigon tourist ngành quản trị khách sạn bếp bánh
1,ý kiến 2 ngành này 1 điều dưỡng 2 nhân sự
1,ngành quản trị khách sạn nào học chút ý kiến
0,hiện tại phân vân giữa 2 trường văn lang hoa sen phân vân ngành quản trị sự kiện ngành quản trị khách sạn 2 trường này ai học 2 trường này tư vấn
1,nào học liên kết quốc tế tmu review
0,ngôn ngữ trung nên học trường nào đào tạo xét học bạ học phí 30 40tr năm
0,tư vấn giúp vớihiện phân vân giữa khối a khối dem học môn văn hóamôn toán học bình thường anh mất gốc bk gốc sao lun nên nản
0,tư vấn giúp ms 2003 lúc địnhkhông xh chọn trường ngành bố mẹ bảo ngành đấy bây h hướng tự nhiên nhiện học lực tầm 70 1 năm liệu kịp tầm 20 tự nhiên ắm lời khuyên trân thành từ
1,phân vân biết giữa kinh doanh quốc tế quản trị nhân lực nên học ngành nào
1,phân vân giữa 2 nghề thiết kế đồ họa thiết kế nội thất biết nghề nào tương lai
0,trường nào đào tạo ngành quản trị khách sạn học phí kh
1,ai hoặc học quản trị kinh doanh hoặc marketing giúp tư chút
1,hoang mang biết nên học ngành kế toán ngôn ngữ anh ngành nào việc làm sao
0,16 học nghề giời bt nghề mong tư vấm
0,ý định học truyền thông đa phương tiện nên học trường nào
1,nào học công nghệ thông tin kỹ thuật phần mềm chút review đi
0,ngành truyền thông đa phương tiện thăng long công nghệ đa phương tiện bưu chính
0,học trường cao đẳng ngành tiếng nhật a chút nhận xét ngành này 1 trường hà nội
0,học nên chọn đại học cao đẳng z trường nào đào tạo ok ngành này z thông tin
1,năm 12 phân vân giữa ngành maketing logistics học ổn kiếm việc làm
0,chọn 3 ngành nghề quản trị kinh doanh ngân hàng marketing
0,ngành marketing gia đình định hướng lục quân 2
0,review trường đào tạo marketing ở miền bắc
1,ngành marketing ổn
0,ng review đại học gia định trường reivew chất lượng đào tạo trường trường hot bằng cấp hạn chế bạn trường
1,ý kiến ngành marketing đi
1,ý định học cđ tiếng hàn thương mại ý kiến ngành này
0,đi có thể tư vấn giúp trường đại học khoa học xã hội nhân văn tphcm ngành văn học ngôn ngữ trường biết ngành này liệu trường có thể việc làm ở đâu
1,anh chij nào học quản trị khách sạn ở ueh review ngành chương trình học ở trường giúp
0,hutech kinh công review học công nghệ thông tin học trường nào
0,sinh năm 2003 định hướng đi ngành du lịch hiện nay covid diễn biến phức tạp nên theo đuổi tiếp ngành chút ý kiến
0,sinh năm 2004 định hướng ở ngành quản lí nhà nước quản trị kinh doanh mong đi kinh nghiệm tư vấn chỉ dẫn chân thành
0,tư vấn 2003 khối d học marketing nên học trường nào hn
0,học kém tiếng anh học tiếng hàn liệu ổn sợ mk năng khiếukhông ngoại ngữ tư vấn giúp
0,chút học quản trị khách sạn ở miền bắc trường nào đi thực hành
0,2004 chuẩn bị hướng nghiệp bản thân định marketing hoặc quản trị kinh doanh ai hok ngành này có thể tư vấn ai chân thành
0,năm lên lớp 12 bản thân chưa ngành nghề yêu hướng nội giao tiếp kém chủ động lạ lắm trầm bản thân dễ dàng chọn ngành nghề vậy ý kiến ngành nghề hợp ban d ý định học kế toán ngôn ngữ a toán anh em học lớp tr
0,2003 chọn khối d1 toán văn trung bình tiếng anh biết mấy cơ bản nang cao vậy ngành ngôn ngữ anh hợp lí mong ngườig tư vấn
0,xét học bạ đậu trường nộp bản sao giấy chứng nhận tốt nghiệp vậy nộp nếu thi xét đại học đậu nv nào bỏ trường xét học bạ nộp bắt buộc học
0,anh chị em 17t phân vân biết nên chọn học quản trị khách sạn marketing hàn quốc học 3 ngành
1,ai học ngành thương mại điện tử tí review
0,nào đg học ở đại học ktcn thơ trường xác nhận thủ tục sơ tuyển phải đóng học phí phải đóng ngày 5 8 tức là chưa thi thptqg vậy nào dời ngày đóng học phí
0,ngườig 2002 năm thi đại học học khối d hướng đi ngành sư phạm cụ thể sư phạm anh hứng thú ngành này trình độ tiếng anh bình thường trung bình 3 môn toán văn anh chỉ tầm từ 18 22 bản thân làm việc con số hướng nội giỏi ăn nói công việc văn phòng năng động 1 chút
0,e lắm 1 giúp tư vấn nghề nghiệp đứa định hướng tương lai cám ơn
0,năm 17 học xong lớp 11 ở khu vực miền bắc ngành an ninh quân sự kiến thức ngành tra google chỉ ngành trinh sát nếu dân sự thi học khối d01 thi đỗ ước tính phải bao nhiêu nếu như không khả năng nguyện vọng cao 1m60 5200g
1,có thể review một chút việc làm ngành logistic
0,e học quản trị nhân lực nên học trường nào học ở
1,ai học ngành logistics quản lý chuỗi cung ứng rồicho reviem ạem
0,2003 infp định hướng học ngành y tâm lí học phân vân giữa điều dưỡng bác sĩ bác sĩ tâm lí đọc mạng ngành điều dưỡng ở việt nam hiện nay nhân lực giúp việc bác sĩ làm việc ngành bác sĩ đa số thi khối b00 giỏi khối a00 nghề bác sĩ tâm lí chưa thông tin công việc lươn
0,học cao đẳng y dược pasteur ngành điều dưỡng ổn liên thông đại học có dễ làm việc ở bệnh viện học trường tư học phí cao
0,năm nam 2001đã học 1 năm ở 1 trường đại học hè dự định học 1 trường đại học hoãn nghĩa vụ quân sự mong nào học 2 trường nào biết giúp
0,học điều dưỡng học ở đbscl nên chọn trường nào
1,nên học việt nam học chuyên ngành văn hoá du lịch chất lượng cao
0,sinh năm 2003 học khối c00 đam mê mãnh liệt mảng nghiên cứu lịch sử chính trị văn hóa bản sắc quốc gia phân vân giữa 3 ngành này giúp chọn ngành làm cao thu nhập ổn cám ơn
1,học địa lý học địa lý du lịch lm
0,học khối d khxh thi đại học kinh tế quốc dân tài chính ngân hàng mung lung kbiet nên chọn ngành nào giúp huhu
0,2004 hướng nghiệp ạem đầu bếp ở nước ngoài hoặc làm bếp trưởng điều hành nên học ngành đại học nào ở miền nam mong hồi đáp
0,hội thảo trực tuyến trò truyện cùng chuyên gia thách thức sinh viên ngành quản trị khách sạn
1,nào hc cơ khí ý kiến kinh nghiệm
0,công việc clip học ngành kinh nghiêm có thể phụ giúp coi clip này ạcre douyin
0,phân vân giữa lựa chọn ngành ngôn ngữ anh ngôn ngữ pháp
1,học ngôn ngữ anh ở đại học công ngiệp tphcm ổn
0,ngành quản trị kinh doanh ở tp hcm nên chọn trường nào
0,có thể review giúp trường doanh nhân ceo việt nam học phí cơ sở vật chất
0,bạn nào cảm thấy cầm tư vấn ngành có thể cmt a góp ý 1 ngành y dược2 quân đội công an3 ngành thiết kế xây dựngcác bạn câu nêu cụ thể học lực bản thân tài chính gia đình khu vực dự thi ngành nghề yêu chi tiết
0,bạn tham khảo trường đợt xét học bạ hộiiiiiiiicó 1 trường ok phết
0,thông tin tuyển sinh ở 2020dưới danh sách trường đại học học viện ở hà nội
1,2003 ý định học quản trị kinh doanh tư vấn giúp
0,viết chỉ tính chất ngành kỹ thuật đóng tàu cơ khí hàn khuyến cáo chỉ bạn nam ngành cuối
0,tư vấn ạem chuẩn bị lớp 12 lí do nên truyển trường giữa trường trường nên học trường nào sức học ở trung bình tổng các môn từ 8 chấm trở khống môn toán nên trường học 2 trường chuẩn bị chuyển nằm chính giữa í ạtrường nhỉnh trường trường thuờng trường tí
0,bạn nếu hồ sơ online ảnh chụp học bạ thay bảng ở cổng thông tin ban tuyển sinh chưa trả lời
1,thông tin ngành công tác xã hội
0,ngành nhật học trung quốc học có thể tư vấn giúp việc làm hai ngành này
1,tình hình này 2022 học ngôn ngữ trung tương lai
0,hôm nay kết quả thi cháu đỗ chuyên ở hai nguyện vọng ngữ văn sinh học lúc đầu cháu ý định chuyên văn cháu ngành luật gia đình ai cháu chuyên sinh học y cháu ý kiến cháu nên học khối định hướng ngành nào thu nhập cao
0,sinh năm 2003 phân vân giữa quản trị khách sạn quản trị du lịch lữ hành ở khu vực phía bắc trường nào học ổn áp kinh nghiệm review cám ơn
1,ai học ngành kinh doanh quốc tế review
0,2003 dự định học kinh tế kinh tế chia chuyên ngành học có thể nhận xét định hướng giúp nên chọn chuyên ngành nào trường hiện tại chưa biết học khối nào
0,hiện ngành báo chí truyền thông quan hệ hệ công chúng trường nào ở tphcm đào tạo ngành học phí ok đắt lắm thi ussh điểm cao nên phương án dự phòng
0,đại học kinh tế thành phố hcm tuyển sinh hình thức xét học bạ
0,ngành kinh doanh quốc tế ngành kinh tế đối ngoại
0,sinh năm 2003 ý định học marketing hoặc quản trị kinh doanh ở hà nội trường nào ổn ở trung tâm plus fpt xét học bạ xa trung tâm huhu
0,thi khối a1 mất gốc anh giờ lớp 12 kịp
1,dự định học cao đẳng lập trình máy tính hướng này ổn
0,quản trị kinh doanh h thất nghiệp đúng như vậy
0,thi ngành kinh doanh quốc tế miễn thi môn tiếng anh ielts 6 5 mạng ghi trường vậy trường nào giải thích giúp
0,ngành quản trị kinh doanh kinh doanh quốc tế giữa quản trị kinh doanh ueh kinh doanh quốc tế tđt nên chọn nào aaaa
1,nguoi co ai biet ve hướng nghiệp âu ai biết đi
0,thi thpt quốc gia môn anh kĩ năng
0,2 options năm ngoái điểm chuẩn same same đâu ngành kiếm đi thực lực lương cao
0,giữa ngành du lịch ngành quản trị du lịch lữ hành
0,nên học ngành quản lí du lịch lữ hành đi trường nào giá ổn tốt vậy
0,anh chị em kinh doanh buôn bán làm chủ hướng ngoại học môn tự nhiên tư duy logic hợp marketing quản trị kinh doanh vậy
0,mong giúp đỡ ngày thi ổn nên áp lực hiện tại trường đại học nào ở hà nội xét học bạ đào tạo ổn học bạ 3 năm học sinh giỏi học khối d ban xã hội nghành hướng sạnmaketingtổ chức kiệnquan hệ công chúng
0,2002 biết ai chương trình liên kết trường đại học nếu comment nha
0,ngườiem 2003 học ngành marketing hoặc quan hệ công chúng truyền hông biết nên học trường nào ở tphcm nổi bật
0,bạn hiện tại group câu chọn ngành học hoặc định hướng nghề nghiệp tương lai tâm lý chung đa phần câu phải ngành nghề chủ yếu phân vân chưa biết đam mê lĩnh vực nào chính lẽ công ty sinh trắc vân mong muốn góp phần cộng đồng bằng dự án chân thiện mỹ giúp nhữ
0,hiện chọn học kinh tế phân vân 3 ngành tài chính ngân hàng kế toán quản trị kinh doanh
0,đi học makerting lương tầm bao nhiêu 1 thág vậy ở hà nội nên trường nào
1,nào hoặc học ngành cntt review ngành này
1,học ngành quản trị kinh doanh ở đại học thủ dầu ạv
0,giữa ngành tài chính ngân hàng đại học kinh tế tphcm ueh ngành marketing đại học tài chính marketing ufm nên học ở đâu hai biết ngành nào triển vọng
0,khoá nếu cùng 1 ngành học nên học đại học đại học nội vụ đại học công đoàn ạvề cơ sở vật chấthọc phí
0,trường nào xét học bạ ngôn ngữ anh ở thành phố hồ chí minh
0,nguyện vọng kì thi thptqg nếu thi xong biết đổi tự nguyện vọng
0,ở sài gòn nên chọn trường ngành nào ạaaaaa
0,chọn chương trình đại trà học phí rẻ nào chọn đại trà
1,học kinh doanh xuất nhập khẩu nên học cao đẳng việc làm ngành này cao đẳng cao
1,dự định ngành ngôn ngữ nhật trường đại học ngoại ngữ đhqghn có thể tư vấn giúp ngành
1,ý định thi khối a ngành ngôn ngữ anh ngườig đại học ngoại thương ổn
1,em trai ý định học cao đẳng an ninh mạng ispace rành lắm trường này tí review trường này love all
1,review đại học thăng long ngành ngôn ngữ trung
1,hiện tại định hướng học ngành tài chính ngân hàng học viện ngân hàng học xong phần trăm làm cao
1,chi review ngành công nghệ chế tạo máy đc học xong ngành này phát triển cám ơn
1,nghề giáo viên ổn
1,học kỹ thuật phần mềm ổn nữ học thiết kế game biết máy tính
1,2003 dự tính năm học kinh tế anh chi nào học ngành kinh tế review
1,tư vấn mk ngành kỹ thuật điều khiển tự động hóa đc
1,trường huflit đào tạo ngành ngôn ngữ ổn
1,review ngành cntt trường hutech
1,review ngành cntt học
1,ai học ngành quản trị khách sạn có thể review việc làm phát triển
1,học ngành quản trị du lịch quản trị khách sạn nhà hàng nào ổn việc làm
1,có thể xíu review ngành quản trị khách sạn việc làm chương trình học đi ở bộ phận nào khách sạn dự định sang năm thi ueh
1,nào học đại học tư vấn nghành quản trị khách sạn
1,học cntt ở trường đại học công nghiệp tphcm ổn
1,nên học ngành công nghệ thông tin mong tư vấn giúp
1,ai hc cntt ở trường đại học sư phạm tphcm 1 review
1,anh chị em định hướng chọn ngành công nghệ thông tin biết nên chọn trường nào chút ý kiến
1,ngành đông phương học trường kiếm việc làm
1,review ngành ngôn ngữ a trường đại học thương mại hn
1,hiện ngành kĩ thuật hoá học ở nào trường ngành này có thể biết ngành này
1,bạn bè review ngành cntt ở trường spkt khoa học tự nhiên
1,có thể review ngành logistics quản lí chuỗi cung ứng
1,review ngành công nghệ thông tin khmt ktmt học vậy
1,học quản trị kinh doanh học trường công nghiệp tp hcm
1,dự tính học ngành logistics supply chain management nào kinh nghiệm hoặc hiểu biết ngành có thể tư vấn
1,khoa học máy tính hi vọng tư vấn giúp
1,phân vân giữa quản trị kinh doanh marketing kinh nghiệm tư vấn
1,ở nào học ngôn ngữ định hướng hướng đi nên từ bây giờ
1,nhận xét ngành ngoại ngữ
1,học quản trị kinh doanh quan hệ công chúng ổn
1,review ngành truyền thông đa phương tiện
1,định hướng học logicstic ở trường đại học tài chính maketing nào sinh viên trường cùng ngành tư vấn 1 tí
1,học ngôn ngữ anh ở đại học rịa vũng tàu ổn ý kiến
1,có thể review ngành thương mại điện tử đầu ra ngành này công việc sao
1,review giúp ngành kinh doanh quốc tế
1,ngành kinh doanh quốc tế trường việc làm
1,xin review ngôn ngữ hàn hàn quốc học mông lung
1,nào học ngành qhcc pr tổ chức sự kiện trường cao đẳng fpt có thể thông tin ngành này trường này dc
1,mong muốn học kinh tế quốc tế biết có thể tư vấn
1,review ngành quan hệ công chúng giữa trường đại học văn lang đại học kinh chính
1,lớp 12 thi truyền thông đa phương tiện nên thi trường nào rì viu
1,khoa cntt truyền thông đại học đà nẵng lời khuyên
