label,content,_id
1,thầy cho em hỏi nếu mình đã trúng tuyển chương trình đại trà thì có thể đổi sang chương trình chất lượng cao tiếng anh hoặc chương trình tiên tiến được không ạ,e81cb236
0,cho em hỏi em có thể đăng kí 2 ngành được không em đăng kí 2 ngành điện và ngành dầu khí vd trượt ngành điện thì qua dầu khí được không ạ,f84450f8
1,cho em hỏi chương trình chất lượng cao ở bách khoa có được học hoàn toàn trên cơ sở lý thường kiệt không ạ,d893c817
1,cho em hỏi nếu em đã trúng tuyển chương trình đại trà thì em có thể chuyển sang chương trình chất lượng cao hoặc chương trình tiên tiến được không ạ,34967305
0,thầy ơi cho em hỏi ví dụ nếu mình chọn nguyện vọng vào trường với ngành cao điểm nhất của trường là khoa học máy tính sau khi thi trung học phổ thông quốc gia điểm không đủ với điểm ngành đưa ra thì em có được đổi ngành lấy điểm thấp hơn phù hợp với điểm thi của em không ạ,a58504bd
2,cho em hỏi chỉ tiêu ngành khoa học máy tính năm nay bao nhiêu và giới thiệu về ngành khoa học máy tính với ạ,59ee699a
0,ngoài việc học thì trường mình có những hoạt động ngoại khóa câu lạc bộ nào không ạ,b0fafbfb
0,ngành kỹ sư xây dựng có được đi qua các nước khác và ngành này điểm có cao không ạ,e9cf7c68
2,cho em hỏi ngành khoa học máy tính có những hình thức tuyển sinh nào ạ,e7b7f754
1,cho em hỏi sau khi học xong 4 năm ở chương trình kỹ sư việt nhật ở trường thì mình sẽ qua nhật tiếp tục học hay làm việc ạ,92551d7e
1,cho em hỏi chương trình việt nhật thì giảng dạy hoàn toàn bằng tiếng nhật hay sao ạ,39fff815
3,cho em hỏi ngành kỹ thật điện điện tử thì có cơ hội việc làm ra sao ạ,6ef6a5f9
0,cho em hỏi cơ hội thực tập tại các doanh nghiệp của trường mình có cao không ạ,77a4893c
1,cho em hỏi ngành kỹ thuật hàng không có chương trình tăng cường tiếng nhật không ạ,d8081eb4
3,thầy cho em hỏi là ngành quản lí công nghiệp nó triển vọng như thế nào khi học ở bách khoa ạ,cfe920df
1,thưa các thầy em muốn hỏi là khi mình có bằng tiếng anh fce b2 rồi thì có cần phải thi ielts khi vào chương trình chất lượng cao không ạ,d81cfb00
3,thầy cho e hỏi là ngành tự động hóa và cơ điện tử khác nhau chỗ nào ứng dụng thực tế tại việt nam ngành nào tốt hơn,9fcb7551
3,thầy cho em hỏi nữ học ngành kỹ thuật vật liệu có nhiều không ạ ra trường dễ xin việc không ạ,35847dab
0,cho em hỏi ngành công nghệ vật liệu có khi nào tăng vọt 4 đến 5 điểm không vậy thầy,55c4fcdc
3,có nên học chất lượng cao việt pháp ngành kỹ thuật vật liệu không ạ cơ hội học vật liệu bên chất lượng cao việt pháp như thế nào ạ,6ac380b9
0,bách khoa năm nay các ngành tăng lên khoảng bao nhiêu ạ,aa013000
2,chừng nào mới có điểm chuẩn ạ,5885536e
3,cho e hỏi ngành logistics với ạ,2ee76b5f
0,khoa máy tính khoảng bao nhiêu điểm vậy,9f685c22
3,cho e hỏi về ngành kỹ thuật hàng không của mình sẽ làm những gì sau này,b2036c91
0,em 26 70 có đâu được ngành khoa hoc máy tính đai trà không ạ,e7d625d6
2,chỉ tiêu còn bao nhiêu ạ,6b96dd25
0,chương trình học của trường mình có nặng không ạ,11ccc094
3,cho em hỏi ngành kiến trúc của bách khoa với kiến trúc của trường khác khác nhau chỗ nào sau này cơ hội việc làm có cao không ạ,721d92b1
1,cho e hỏi chương trình chất lượng cao dạy toàn bằng tiếng anh anh chị có thể chia sẻ 1 vài kinh nghiệm để có thể tiếp thu tốt,a9f0c839
3,cơ kỹ thuật có tốt không ạ,b35b4356
3,cho em hỏi thêm về ngành quản lí công nghiệp với ạ,8a7c1133
3,giúp em về sự khác biệt giữa cơ điện tử và đk tự động hóa với ạ,8a3426fd
1,nếu tiếng anh em học không được tốt vậy học hệ chất lượng cao của bách khoa có rủi ro không ạ,a61b4aed
0,chị nghĩ tự động hoá năm nay bao nhiêu điểm ạ,208f45ff
2,chỉ tiêu trung học phổ thông còn khoảng nhiêu ạ,34a67d1e
3,anh ơi con gái có học điện được không ạ em mê điện lắm,77d725d9
3,ngành kỹ thuật máy tính chương trình học rộng hơn hay hẹp hơn so với ngành khoa học máy tính vậy anh,4d50b5b1
3,cho chú hỏi con chú đang học bắt đầu năm thứ 2 đại học bách khoa khoa học máy tính ra trường làm ở đâu vậy cháu,7b6dbaf6
3,cho e hỏi quản lí công nghiệp có đào tạo chuyên sâu vào từng nội dung không ạ e thấy nó có quá nhìu mảng khác nhau cần đạo tạo,f38e9fcc
3,cho em hỏi sự khác nhau giữa điện tử và kỹ thuật điện ạ,929bf86c
1,cho em hỏi về ngành kỹ thuật điện tử viễn thông tiên tiến ạ,7ca1dc73
1,cho mình hỏi thăm sinh viên tốt nghiệp 1 ngành trường mình có thể đăng ký học văn bằng 2 học khoa học máy tính hay kỹ thuật máy tính được không,b6954233
2,mình đăng kí số nguyện vọng vào bách khoa theo phuong thức tốt nghiệp trung học phổ thông thì đăng ký bao nhiêu nguyện vọng cũng được đúng không ạ,76d1df31
0,cách chia chuyên ngành trong khoa hoá như thế nào ạ,86379b0d
0,em muốn hỏi kỹ thuật hệ thống công nghiệp có nhiều nữ không ạ,bcc0942c
0,hình như nếu xét trung học phổ thông thì được bao nhiêu nguyện vọng cũng được đúng không ạ,c00ac7a1
0,kỹ thuật ô tô tầm mấy năm ra trường vậy ạ chưa kể thời gian học lại,4ed43927
3,cho em hỏi về ngành 208 ạ,2857e050
0,cho e hỏi nữ học ngành kỹ thuật vật lí với ạ,9d9c0e9f
3,kỹ thuật máy tính với khoa học máy tính khác chỗ nào vậy mn,590fc577
0,27 6 có cơ hội đậu ô tô không anh chị,f8b9d364
0,dạ cho e hỏi 27 5 có đậu khoa học máy tính không ạ,806e1f3e
0,bách khoa cần tiếng anh quá nhiều không anh,15e2f526
3,ngành 208 có cơ hội việc làm thế nào ạ,eb7683f7
3,cho e hỏi về ngành kiến trúc ạ,17890f0e
3,cho em hỏi điện tử viễn thông ra là gì và cơ hội việc làm ạ,1896a9f4
2,ai điểm trung học phổ thông cao nhát khi đăng kí nhóm ngành xây dựng thì sẽ được chọn ngành phải không anh,b94dd2c4
3,cho em hỏi xíu về chương trình của kỹ thuật môi trường và quản lý tài nguyên môi trường của trường ạ cơ hội nghề nghiệp nữa ạ,f4e98a66
0,học phí học lại của k20 tính sao vậy ạ,697179ab
3,cho em xin thêm về ngành kỹ thuật hàng không đi ạ,92a4cac1
0,cho e hỏi về kiến trúc lấy bao nhiêu điểm,7e9edafb
3,cho e hỏi về chương trình học ngành xây dựng ạ,baf53e9e
3,cho em hỏi thêm về kiến trúc ạ,e7c2ac43
3,ngành kỹ thuật máy tính chương trình học rộng hơn hay hẹp hơn so với ngành khoa học máy tính vậy anh chị,70cf0a30
3,cho em hỏi ngành kỹ thuật xây dựng ạ,4093d55f
3,cho em hỏi về logistics ạ,935b4853
3,em muốn hỏi thêm về ngành vật lý kỹ thuật thì sao ạ,c83a4992
3,cho em hỏi về ngành điều khiển và tự động hoá ạ,6aa038e8
3,cho em hỏi là kỹ thuật máy tính có giống kỹ thuật phần mềm không ạ,c86a0eb2
3,cho em hỏi về ngành dầu khí ạ,56110d09
3,cho em hỏi về ngành dầu khí,aae6a579
3,cho e hỏi về ngành kiến trúc,cd4d5aaa
3,anh ơi phân tích cơ kỹ thuật thử đi anh,09d2e449
0,cho e hỏi điểm chuẩn và chỉ tiêu của ngành kiến trúc tầm bao nhiêu ạ,ae543dc1
3,cho e hỏi về kỹ thuật môi trường,734f9de2
3,cho em hỏi ngành vật lý kỹ thuật và cơ kỹ thuật ạ,99b64ff9
1,cho e hỏi ngành kỹ thuật cơ khí ạ hệ chất lượng cao ạ,f82392eb
3,cơ hội việc làm bão dưỡng công nghiệp cao không ạ,4377f356
3,e muốn anh chị tư vấn dùm ngành cơ kỹ thuật ạ,7e0e4011
0,kỹ thuật xây dựng năm nay lấy bao nhiêu ạ,bd33652e
0,mọi người nghĩ điện năm nay tầm bao nhiêu điểm,6a9399fc
0,mức điểm kỹ thuật ôtô đi ạ,aceb2ff3
0,kỹ thuật xây dựng anh nghĩ bao nhiêu điểm năm nay vậy anh,4e57afc9
0,anh chị ơi em thi được 2495 có vào được ngành kỹ thuật xây dựng hong mấy anh chị,9bd174d9
3,ngành kỹ thuật máy tính có khó không cô,594ff787
0,điểm năm nay có cao lắm không vậy ạ,000a8084
0,cho em hỏi năm 2019 thì trường lấy điểm vào pfiev theo điểm trung học phổ thông gq ngành kỹ thuật hàng không là bao nhiêu ạ,a75c7948
1,chương trình của việt pháp dạy hoàn toàn bằng tiếng việt hay sao ạ và yêu cầu chuẩn đầu ra như thế nào,9faf177b
0,các môn học có giống như chương trình đại trà không ạ em nghe nói nặng lắm,4f52009a
3,dạ cho em về ngành kỹ thuật hàng không ạ,bae69a0c
2,em muốn hỏi là mình đăng kí xét tuyển chương trình việt pháp như thế nào ạ,6cb9630e
2,cách tuyển sinh như thế nào ạ,ac54bbea
0,cho em hỏi khi nào sẽ thông báo kết quả xét tuyển chương trình chất lượng cao p f i e v hiện nay cháu đã đk nhập học chương trình đại trà rồi,45a41ac8
1,cho e hỏi đk kỹ thuật điện đại trà hay chất lượng cao là được đk học chương trình việt pháp ạ,a043eaf5
1,sinh viên tốt nghiệp rồi thì làm sao quay lại học priev được ạ,89e12efc
0,dạ cho em hỏi về cơ hội du học ngành kỹ thuật hàng không ạ,3c6aa1a7
1,cho e hỏi là ngành kỹ thuật hàng không thì nên học chương trình chất lượng cao hay đăng kí vô kỹ sư việt pháp ạ,d650b29a
3,chào thầy cô em là sinh viên trúng tuyển khoa máy tính thầy cô có thể tư vấn cho em sinh viên khoa máy tính có những hướng đi nào,0bfc124e
3,dạ cho em hỏi hôm nay có nói về ngành kỹ thuật máy tính không ạ,f0956235
1,ngành kỹ thuật hàng không có chương trình này không nhỉ,d549e284
3,dạ cho em về ngành kỹ thuật hàng không ạ,72326335
3,cho em hỏi về ngành công nghệ sinh học ạ,c68e6fc0
2,khi nào có kết quả xét tuyển bằng kết quả đánh giá năng lực ạ,a2054d78
2,khi nào có kết quả xét tuyển chương trình việt pháp bằng đánh giá năng lực ạ,02387877
0,học phí chương trình này là bao nhiêu ạ,aaf5f419
1,chương trình này khác với chương trình bình thường như thế nào ạ ví dụ như tín chỉ ạ,a84c5074
1,ngành kỹ thuật máy tính chương trình chất lượng cao sinh viên thuộc dt đối tượng vùng đại học bách khoa có được giảm học phí không ạ,473e9c6d
1,dạ em hỏi về chương trình đi du học nếu học kỹ thuật hàng không ạ,8b4b9eff
1,dạ em xin hỏi là khi nào có tư vấn về ngành khoa học máy tính chất lượng cao vậy ạ,ef190651
0,em xin hỏi là khi nào mình biết được kết quả đăng kí ạ,170f6ae7
0,học phí giữa chất lượng cao với đại trà của tự động hoá khác như nào ạ,6156789b
3,ai biết về ngành bảo dưỡng công nghiệp tư vấn hộ chút ạ,1a9d1c42
0,cơ điện tử năm nay tầm bao nhiêu ạ,e68b0967
0,kỹ thuật hóa học năm nay tầm bao nhiêu điểm mọi người,8cb0ef64
0,năm nay tầm bao nhiêu điểm để đậu chuyên ngành khoa học máy tính đại trà ở trường mình ạ,c9e442b2
2,cô cho em hỏi xét tuyển học bạ ngành kiến trúc hồ sơ gồm những loại nào hình thức và thời gian nộp hồ sơ,eaf15b7d
2,em muốn biết thông tin về điều kiện xét tuyển học bạ ngành kiến trúc,83aa26f8
1,cho em hỏi là học xây dựng trường mình xong thì có thể liên kết để học bên nhật không ạ,1848d526
0,cho e hỏi khóa đào tạo tiếng nhật bao lâu ạ,8bc17983
3,thầy có thể tư vấn về ngành kỹ thuật dầu khí được không ạ,73463fa8
1,học chương trình đại trà nữa vẫn được đăng kí qua bên kỹ sư tài năng hoặc kỹ sư việt nhật vẫn được phải không ạ,17d39266
0,quản lí công nghiệp e thi môn toán lí hoá có phải thi thêm anh không ạ,600363fd
3,kỹ sư hoá ra làm gì vậy thầy,f4d0d35f
1,ngành kỹ thuật hoá học có chương trình kỹ sư việt nhật hay chương trình kỹ sư tài năng không ạ,e9f2fdc5
1,thầy cho em hỏi em muốn đăng ký vào chương trình đào tạo liên kết thì phải làm sao ạ,ea536488
0,cho e hỏi học phí 2 năm cuối ở nhât là bao nhiêu ạ,a3fbd61c
3,kỹ sư hoá ra làm gì vay chi,2397212a
3,kỹ sư hoá ra làm gì vậy thầy,e1872f6b
2,thưa thầy chỉ tiêu tuyển sinh của năm nay là bao nhiêu ạ,4464e025
1,cho e hỏi tiếng anh e không giỏi thì có học được hệ chất lượng cao không ạ,15017b60
3,thầy cho em rõ hơn về ngành kỹ thuật điện được không ạ cụ thể về trong đào tạo các chương trình của ngành với lại công việc sau khi ra trường là như thế nào ạ,71d133c1
3,cho em hỏi về ngành kỹ thuật hàng không,7d1091ec
3,dạ con muốn hỏi câu hỏi thứ 2 là ngành cơ điện tử sau này có học hướng theo trí tuệ nhân tạo được không ạ,360cdca9
1,ngành kỹ thuật hóa học ở bách khoa giữa chất lượng cao và đại trà khác nhau như thế nào ạ,005bf053
1,cho em hỏi ngành bách khoa hóa có liên kết nước ngoài không ạ,a7e04183
3,thầy ơi cho em xin thông tin về nhóm ngành xây dựng ạ,2a1154f1
0,cho em hỏi trường mình tổ chức thi riêng hay lấy kết quả thi tốt nghiệp năm nay ạ,782d9f21
3,thầy ơi tư vấn giúp em ngành kiến trúc của trường đi ạ,0f1dfc69
1,thầy ơi cho e hỏi ngành kỹ thuật hóa ở chương trình chất lượng cao nhưng e chưa có ielts 6 0 thì trường có đào tạo không ạ,f16bf613
3,thầy nói qua về ngành điều khiểu tự động hóa giúp em với ngành này sẽ học những gì ạ,4613617b
3,dạ em chào quý thầy cô ạ cho em hỏi về ngành cơ kỹ thuật thầy tư vấn cho em vơi ạ,8473ae6c
3,thầy có thể cho e biết cơ hội việc làm và xu hướng tuyển dụng của ngành kỹ thuật xậy dựng với ạ,8cf34ac6
3,dạ cho em hỏi học ở bách khoa thì em muốn sau này đi theo hướng về điều khiển robot thì em nên theo học khoa học máy tính hay là điều khiển tự động hóa ạ em xin cảm ơn,ef9a29d2
3,thầy tư vấn ngành kỹ thuật điều khiển và tự động hóa đi ạ,f35581c7
1,dạ cho em hỏi ngành hóa liên kết quốc tế với trường nào ạ,4a055dfa
1,cho em hỏi mình học chương trình kỹ sư việt nhật thì sao khi tốt nghiệp có được giới thiệu sang nhật làm việc không ạ,389be5a2
0,thầy ơi cho em hỏi ngành kỹ thuật xây dựng công trình thì bao nhiêu điểm là chắc chắn vào được ạ,e283e19b
3,dạ cho con hỏi trường mình có ngành nào dạy về trí tuệ nhân tạo không ạ với khoa học máy tính thì vào năm chuyên ngành có được rẽ hướng sang có được ngành về trí tuệ nhân tạo không ạ,ecca6728
1,cho em hỏi trường tuyển đầu vào cho hệ đại trà là bao nhiêu và hệ chất lượng cao là bao nhiêu ạ,476cf3ad
3,thầy cho em hỏi khi học ngành vật lý kỹ thuật sẽ được học những gì và khi ra trường có thể làm được công việc gì ạ,e727a9dc
0,cho em hỏi học phí ngành logistics với ạ,76586351
3,cho e hỏi ngành khoa học máy tính ra trường có đảm bảo tiếng anh và việc làm không ạ,23aa4938
3,các thầy cho em hỏi về định hướng ngành kỹ thuật máy tính ạ và sau khi ra trường có nhiều cơ hội việc làm không ạ,b751d2a5
3,cho em hỏi về cơ hội việc làm của ngành kỹ thuật hàng không và công nghệ ô tô trong tương lai ạ,e0fcac8a
3,cơ hội làm việc ngành kỹ thuật hóa học như thế nào hả thầy,288d8296
2,quy chế tuyển sinh theo trung học phổ thông có thay đổi nữa không thầy,f3baa458
3,nói về việc làm và xu thế của khoa điện đi thầy,0a28649a
2,cho em hỏi phương thức tuyển sinh còn điều chỉnh không ạ,5d16aa0f
3,tư vấn ngành công nghệ thông tin đi ạ,543fbb43
0,cách tính điểm của trường mình như thế nào ạ,106ca553
3,cho e hỏi về ngành kỹ thuật y sinh với ạ,eba174bf
3,cho e hỏi về ngành công nghệ ô tô với ạ,8cbe238d
2,cho em hỏi cuộc thi đánh giá năng lực có lịch chính thức chưa ạ,d9c24702
3,việc làm và xu thế các ngành của khoa điện sẽ thế nào ạ,207e1fbd
1,cho hỏi chưa có chứng chỉ tiếng anh có thể đăng ký nguyện vọng vào học chương trình chất lượng cao được không ạ,17cdb987
1,trường mình có liên thông từ trường trung cấp nghề ngành công nghệ ô tô lên đại học không ạ,356ba4b0
2,cho hỏi trường có xét học bạ vào công nghệ thông tin không ạ,5bd2682b
2,ưu tiên xét tuyển là xét 3 môn theo khối ngành thôi hay là trung bình tất cả các môn ạ,134d3041
2,thầy cho em hỏi tiêu chí ra sao để đánh giá xét tuyển thẳng thưa thầy,728e511e
2,cho e hòi muốn hoc ngành tư đông hóa liên kết nhât bản thì hình thức xét tuyển và thi tuyển như thế nào ạ,c54b4a5a
0,cho em hỏi trường năm nay lấy bao nhiêu điểm thế ạ,0e9dcdbd
2,thầy ơi ngành kỹ thuật máy tính chất lượng cao em thấy năm ngoái không có xét điểm thi đánh giá năng lực năm nay có dự định khoa học ạ,8c76221a
2,thầy ơi năm ngoái kỹ thuật môi trường chất lượng cao không có xét điểm đánh giá năng lực năm nay có xét không ạ,ffd6be8f
0,làm sao để vào lớp tài năng ạ,38ca5623
2,cho e hỏi 3 năm cấp ba em đều là học sinh giỏi điểm tổng kết toán lí hoá trên 83 có giấy chứng nhận học sinh giỏi tỉnh khoa học kỹ thuật giải tư thì có được tuyển thẳng không ạ,9b62bd54
1,chương trình chất lượng cao có cần chứng chỉ tiếng anh gì không ạ,6765ff5a
1,chào các thầy thầy cho e hỏi sau năm đầu tiên có thể chuyển từ ngành này sang ngành khác chuyển từ đại trà lên chất lượng cao không ạ,ea97fe0e
1,cho em hỏi những ngành nào có chương trình đào tạo chất lượng cao vậy ạ,402230c2
2,xét học bạ với xét điểm tốt nghiệp cái nào ưu tiên hơn ạ,5ad96a1f
2,cho e hỏi trung học phổ thông phú nhuận thành phố hồ chí minh có được ưu tiên xét tuyển không ạ,b8129304
3,chương trình chính quy và chất lượng cao khoa học máy tính khác nhau sao ạ,64d38644
1,cho em hỏi thời gian pre uni học tiếng anh đối với chương trình chất lượng cao thường kéo dài bao nhiêu năm ạ,464e53c8
2,thưa thầy cho em hỏi ứng tuyển xét thẳng cần những gì ạ,69f7970e
2,ưu tiên xét tuyển có được xét tuyển vào ngành công nghệ thông tin không ạ,ed235cfe
1,cho em hỏi học phí của hệ đại trà hệ chất lượng cao dao động như thế nào vậy ạ,c5b8dd9e
2,thầy ơi cho em hỏi trường chuyên và có giải thì có được ưu tiên khi xét học bạ không ạ,f4700446
1,ad ơi cho em hỏi là mình theo học hệ chính quy sau này mình có cơ hội đi du học không ạ có chuyển được sang liên kết quốc tế chẳng hạn em cảm ơn ạ,53db9acc
1,cho em hỏi ngành công nghệ thông tin có chương trình chất lượng cao bằng tiếng anh không ạ,804a1710
2,ngành kỹ thuật xây dựng thì năm nay trường dự định lấy bao nhiêu điểm của kì thi đánh giá năng lực vậy ạ,9fb94a69
2,em năm lớp 10 có đề tài khoa học kỹ thuật đặt giải 4 quốc gia lĩnh vực cơ khí có được tuyển thẳng không ạ,b495c42c
1,lớp chất lượng cao so với lớp đại trà thì cái nào dễ xin việc hơn ạ,16cfb15e
2,con tôi lớp 10 lớp 11 học ky 2 lớp 12 giỏi có hy vọng xét tuyển thẳng được không,fdab9d60
1,lớp chất lượng cao có yêu cầu về tiếng anh gì không ạ,6d1ab71c
1,cho em hỏi là nếu học chương trình chất lượng cao nhưng không đạt chuẩn tiếng anh đầu vào thì phải học 1 học kỳ pre đúng không ạ,bbff4d8f
2,cho hỏi học sinh giỏi trường chuyên lê thánh tông hội an quảng nam có thuộc top ưu tiên xét tuyển của đại học quốc gia thành phố hồ chí minh không ạ,ac9fd944
0,thi công nghệ thực phẩm có cần thi tiếng anh không ạ,45f0a146
2,em có giải 4 quốc gia khoa học kỹ thuật với nhất khoa học kỹ thuật cấp tỉnh cho em hỏi làm hồ sơ ưu tiên xét tuyển như thế nào ạ,69248398
1,e học hệ đại trà 1 năm sao đó có nguyện vọng chuyển sang học chất lượng cao hay liên kết thì được không ạ,cc2e51e8
1,chương trình chất lượng cao và liên kết có những điểm nào khác nhau ạ,924b55ca
2,thầy ơi năm ngoái kỹ thuật môi trường chất lượng cao em khoa học thấy có xét trong đánh giá năng lực năm nay có dự định xét không ạ,6a49e8a9
2,thí sinh tự do đã tốt nghiệp có được dùng kết quả thi tốt nghiệp trung học phổ thông 2020 để xét tuyển không ạ và chỉ tiêu bao nhiêu mong btv trả lời giúp em,101f73d2
2,cho em hỏi điểm ưu tiên xét tuyển sẽ chấm điểm học bạ chủ yếu lớp 12 hay đều cả ba khối,333fdc04
2,cho em hỏi là ưu tiên xét tuyển thì điểm trung bình ngành khoa học máy tính mọi năm thuộc khoảng bao nhiêu ạ,6e2308f1
2,cho em hỏi về xét tuyển ngành kiến trúc ạ,16309a92
2,danh sách trường ưu tiên xét tuyển xem ở đâu ạ,1b526f18
2,dạ cho em hỏi em muốn xem diện ưu tiên xét tuyển và cách đăng ký xét tuyển ở đâu ạ,e9537d26
2,cho em hỏi em thi vào ngành quản lý công nghiệp theo khối a00 thì vẫn xét tiêu chí phụ theo môn anh văn ạ,b9a0ab0d
2,ưu tiên xét tuyển thì cần chuẩn bị những gì và hạn chót cho phương thức này là bao giờ vậy ạ,b70ab5f2
2,cho em hỏi em có thể theo dõi thông tin về ưu tiên xét tuyển ở đâu và đăng ký vào thời gian nào như thế nào ạ,78a089b3
2,nhà trường lấy bào nhiêu phần trăm đánh giá năng lực để tuyển ạ,03324f7a
0,thầy ơi cho em hỏi ngành kiến trúc vẫn thi vẽ môn năng khiếu phải không ạ,0232a456
0,cho em hỏi tổ hợp môn khoa học tự nhiên lấy 1 đầu điểm vậy số câu của từng môn trong bài tổ hợp sẽ là bao nhiêu ạ,6f0f15dd
2,cho em hỏi xét tuyển học bạ thì những mục nào được ưu tiên ạ,6b744170
2,cho e hỏi ngành khoa học máy tính với kỹ thuật máy tính năm nay lấy chỉ tiêu bao nhiêu ạ,55b83c99
1,dạ chương trình việt pháp và kỹ sư tài năng có điều kiện duy trì không ạ,d101d3cb
2,cho em hỏi về việc xét tuyển của ngành kiến trúc như thế nào ạ,e948d8af
2,cho em hỏi công nghệ sinh học năm nay lấy chỉ tiêu bao nhiêu vậy ạ,ab14cc0e
2,cho em hỏi là ưu tiên xét tuyển em có thể vừa nộp ngành khoa học máy tính vừa nộp kỹ thuật máy tính được không ạ,1855e087
2,cho em hỏi ngành kỹ thuật oto năm nay tiêu chí xét tuyển như thế nào ạ,4873b657
2,cho em hỏi xét tuyển đối với kỹ thuật dầu khí ạ,008d1d62
2,kỹ thuật ô tô hệ đại trà tuyển bao nhiêu vậy ad,985e27a1
2,cho mình hỏi ngành điện điện tử lấy bao nhiêu chỉ tiêu thế,c6540f11
2,dạ có dự kiến chỉ tiêu ngành kỹ thuật ôtô không ạ,16ef231a
2,xét tuyển theo ưu tiên xét tuyển là mình cần làm những gì ạ,83365652
2,danh sách trường ưu tiên xét tuyển xem ở đâu ạ,ff230da8
2,cho em hỏi em không có giải quốc gia gì hết có được xét ưu tiên xét tuyển không ạ,503a9b8a
0,em muốn hỏi bên mình có chính sách học bổng không ạ kiểu 24 hay 26đ là giảm được nhiêu phần trăm không ạ,4ab22107
2,điểm đánh giá năng lực có sau ngày thi nhiêu ngày ạ,b9de638c
0,em là thí sinh tự do thi tốt nghiệp trung học phổ thông vào trường mình được không ạ,be683568
2,kết quả ưu tiên xét tuyển có được công bố trước khi thi tốt nghiệp không thầy,d88b4940
2,trường có xét tuyển học bạ không ạ ngành nào ạ e có bằng học sinh giỏi cấp tỉnh thì có được ưu tiên gì không ạ,cf37e598
0,điểm sàn kỹ thuật ô tô là tầm bao nhiêu ạ,73c10625
1,ngành kỹ thuật hoá học có chương trình kỹ sư tài năng không ạ,005627dc
2,cho em hỏi em ở ngoài bắc phải nộp hồ sơ như nào ạ,80d328c6
2,cho em hỏi khi nào nộp hồ sơ xin xét tuyển thẳng theo học bạ ạ,e777880a
2,đánh giá năng lực khoảng bao nhiêu điểm thì chắc chắn sẽ được vào trường ạ,e0e0a351
0,cho em hỏi ngành điện tử viễn thông học phí bao nhiêu hk ạ,c7e6a86c
2,điểm xét tuyển đánh giá năng lực ngành công nghệ thông tin là bao nhiêu ạ,8278809b
2,dạ cho em hỏi tiêu chí xét diện ưu tiên xét tuyển ạ,127c38e9
1,ngành công nghệ thực phẩm có chương trình kỹ sư tài năng không ạ,eb5b6d30
2,điểm xét tuyển đánh giá năng lực của ngành công nghệ sinh học của trường mình là bao nhiêu vậy ạ,d7ebb43c
1,cho em hỏi đối với ngành kỹ thuật dầu khí có những chương trình nào ạ,832ce69d
0,cơ sở 2 của trường ở đâu thế ad,07d669d2
2,chỉ tiêu ngành công nghệ thực phẩm là bao nhiêu ạ,1651655d
2,cho mình hỏi chỉ tiêu ngành điện điện tử là bao nhiêu thế,bbe5f5b2
2,thời gian nộp hồ sơ xét tuyển theo diện ưu tiên xét tuyển vậy ạ,f3e425d9
2,cho em hỏi có xét tuyển bằng phương thức học bạ không ạ,70f28cd0
3,cho em xin review nhóm ngành thực phẩm hoá sinh với ạ,d636ead8
1,trường mở ngành chất lượng cao vậy có còn hệ chính quy không ạ,9cd775e3
0,công nghệ thực phẩm học hết 4 năm thì học phí là bao nhiêu ạ,54059ffb
2,ngành kỹ thuật xây dựng năm nay trường xét tuyển theo những phương thức nào ạ,11a3cafa
0,cho em hỏi kỹ sư việt nhật học phí bao nhiêu vậy ạ,60e1575a
0,em muốn vô logistics mà e không biết có nhận bằng tiếng anh không ạ,4870ae61
1,cho em hỏi ngành công nghệ thông tin có chương trình chất lượng cao bằng tiếng anh không ạ,1520b29d
2,chỉ tiêu công nghệ sinh là bao nhiêu ạ,edf2f7dc
2,thầy cô cho em hỏi chỉ tiêu ưu tiên xét tuyển năm nay là bao nhiêu ạ,0add88df
3,có a chị nào học kỹ thuật hoá không ạ cho e xin review ạ,adaa96e8
2,đăng kí xét tuyển ở đâu ạ,e13562cd
3,có ai học xây dựng không ạ cho e xin tí review,c918fb27
2,năm nay được bao nhiêu xét tuyển vào khoa điều khiển và tự động hóa nếu chọn phương thức xét tuyển tốt nghiệp phổ thông thầy ơi,e5679111
3,có ai điện tử viễn thông không ạ,da720bb7
1,chương trình việt pháp học phí thế nào ạ,53ca83a7
3,ở đây có ai kỹ thuật dầu khí không,66ef46e9
2,ngành điện điện tử lấy bao nhiêu chỉ tiêu thế,d99ea2b2
2,thi đánh giá năng lực mình có ôn cụ thể không ạ hay là đề ra sao ạ,50aa7c75
3,ở đây ai thi công nghệ nhiệt không,2356a769
2,xét điểm học bạ thì tính điểm như nào anh em,e9e66216
2,thầy ơi phương thức tuyển sinh trường mình chốt chưa ạ,fea532b8
2,chỉ tiêu xét tuyển của trường lấy điểm đánh giá năng lực là bn,854e5f3c
0,em muốn học kỹ thuật hóa mà em có thể xét cả 2 khối b với d07 được không ạ,39013e5f
2,ad cho em hỏi ngành công nghệ sinh học của bách khoa tuyển sinh sao ạ,417592ee
2,kỹ thuật ô tô năm nay chỉ tiêu bao nhiêu vậy ad cho em hỏi,3761cd59
1,dạ chương trình chất lượng cao khác chương trình chính quy sao ạ,9934edbe
2,chỉ tiêu mỗi ngành khi nào công bố ạ,8c68dbdd
2,cho em hỏi ngành ôtô năm nay lấy bao nhiêu chỉ tiêu ạ,b4ad6444
2,ngành kỹ thuật ô tô lấy chỉ tiêu bao nhiêu vậy thầy,f91253bd
2,chỉ tiêu ngành điện điện tử là bao nhiêu thế,0f2a90ea
2,tuyển thằng điều kiện là gì vậy ạ,4aaa4a08
3,thầy ơi ngành điện thì sao vậy thầy em cảm ơn ạ,0cb59beb
1,cho em hỏi ngành khoa học máy tính chương trình thường có giảng dạy bằng tiếng anh không ạ,5716f3a2
2,kỹ thuật chỉ tiêu đại trà năm nay lấy bao nhiêu vậy ad,2d838c34
2,khi nào có link đăng ký ưu tiên xét tuyển và kết quả ưu tiên xét tuyển sẽ công bố trước hay sau kỳ thi đánh giá năng lực ạ,a2043d78
0,tỉ lệ chọi ngành kiến trúc năm trước bao nhiêu vậy ạ,a60a05e9
2,ưu tiên xét tuyển thì xác suất đậu cao không ạ,9f4f3c91
3,dạ kỹ thuật máy tính khác khoa học máy tính cái gì ạ,9147db81
0,năm nay logistics lấy bao nhiêu chỉ tiêu ạ,067db72e
3,ad cho mình hỏi điện lực là ngành nào vậy,1835d887
0,cho e hỏi ngành khoa học máy tính với kỹ thuật máy tính năm nay lấy chỉ tiêu bao nhiêu ạ,59f4a03a
0,ngành công nghệ thực phẩm khối b xét sao vậy ạ,9a0df5b2
0,nhóm ngành kỹ thuật điều kiển và tự động hóa có phải thuộc công nghệ thông tin hay cơ khí vậy ạ,4fcae99a
2,cho em hỏi ngành công nghệ sinh học tuyển sinh sao ạ,b6899035
2,cho em hỏi về việc xét tuyển của ngành kiến trúc có môn vẽ thì sẽ tuyển sinh như thế nào ạ,3dffafa8
0,cho em hỏi một ngành gồm 2 khối thi thì có chia đều chỉ tiêu cho 2 khối hay là điểm đầu vào như nhau ạ,58adea11
3,ngành kỹ thuật ô tô có gì mới không ạ,66a7c73a
0,cho em hỏi kỹ thuật ô tô đại trà năm nay chỉ tiêu bao nhiêu v,0e91dc38
0,ngành công nghệ sinh học toán hóa sinh thì xét tuyển sao ạ,da1fb461
1,cho em hỏi tuyển sinh kỹ thuật dầu khí với ạ có những chương trình nào ạ em cảm ơn,1274216c
2,em thi ngành dầu khí thì xét tuyển sao ạ,c67251bf
1,dạ cho em chương trình đại học chính quy và chương trình chất lượng cao ngành khoa học máy tính khác nhau sao ạ,7bbfdad0
2,cho e hỏi điểm thi đánh giá năng lực có thể đăng kí tối đa bao nhiêu nguyện vọng vậy ạ,a5a98fa3
2,cho em hỏi ngành công nghệ sinh học của bách khoa tuyển sinh như thế nào ạ,a037d8f0
2,thầy ơi ưu tiên xét tuyển thì tầm bao nhiêu điểm sẽ an toàn vậy thầy,c02fc38b
3,cho em hỏi lộ trình học của khoa học máy tính với ngành kỹ thật máy tính chương trình chuẩn ạ,c708edb7
0,năm nay có tăng học phí không ạ,111b1fd1
2,cho e hỏi kỹ thuật hoá học xét tuyển như thế nào ạ,783db0fe
2,ưu tiên xét tuyển cần chuẩn bị những gì vậy ạ,2901652d
2,khi nào có link đăng ký ưu tiên xét tuyển và kết quả ưu tiên xét tuyển sẽ công bố trước hay sau kỳ thi đánh giá năng lực ạ,c4f43aa9
2,bao giờ nhận hồ sơ ưu tiên xét tuyển ạ,afcb5532
2,e học sinh trường thường vào được đội tuyển thi học sinh giỏi quốc gia của tỉnh có được ưu tiên xét tuyển không ạ,7a09d50d
0,đăng kí học công nghệ thông tin mà hiện tại chưa biết gì về công nghệ thông tin thì có theo học được không ạ,b88915b2
0,thầy ơi đủ điểm vào trường thì có xét tiêu chí phụ là học bạ không thầy hay là đủ điểm là được vào ạ,adec04ab
2,cho em hỏi khoa học máy tính thì có những cách xét tuyển nào ạ,c8015962
2,cho em hỏi về việc xét tuyển của ngành kiến trúc ạ,300cb5e5
1,học liên kết quốc tế thì cần học triết không ạ,f17f99bc
2,ưu tiên xét tuyển thì trường sẽ xét như thế nào ạ,0760f175
1,ngành kỹ thuật hóa có chương trình chất lượng cao không ạ,f7bacc50
1,thầy ơi chương trình liên kết em sẽ được học như thế nào ạ,fae24e88
1,chương trình chất lượng cao và liên kết có những điểm nào khác nhau ạ,3a28ee74
3,em hỏi thông tin về ngành công nghệ sinh ạ,7c767f56
2,thầy ơi thầy có thể làm rõ hơn việc xét tuyển bằng học bạ được không ạ,c1482055
2,cho e hỏi là dùng cả ba phương thức để xét tuyển 1 nguyện vọng có được không ạ,bb29f68c
0,không biết là điểm tuyển sinh năm nay của trường có giảm so với năm ngoái không ạ,b047c67d
1,cho hỏi chương trình chất lượng cao ngành kỹ thuật hoá học có gì khác với kỹ thuật hoá học ạ,2ed91346
1,thầy ơi kỹ thuật môi trường đại trà và chất lượng cao khác nhau nhiều khoa học ạ,493de09a
3,cho e hỏi về ngành công nghệ thực phẩm với ạ,93289c0b
1,ngành khoa học máy tính chương trình không phải chất lượng cao thì có giảng dạy bằng tiếng anh không ạ,1ff44dd5
0,thầy ơi xét học bạ ưu tiên xét tuyển là chỉ tiêu bao nhiêu ạ,12b69146
1,chương trình việt pháp tuyển sinh như thế nào ạ,bfe33027
1,công nghệ thực phẩm đại trà và công nghệ thực phẩm chất lượng cao có gì khác nhau ạ,cc91b579
2,khi nào mình xét tuyển phương thức ưu tiên ạ,e00a70c3
3,em muốn hỏi nhu cầu nhân lực của xã hội đối với ngành công nghệ sinh học ạ,dd02d456
2,ngành kiến trúc có xét học bạ không ạ,cd001391
2,thầy ơi cho em hỏi nếu xét học bạ thì lấy điểm thế nào ạ,d4d8576f
1,công nghệ hoá học và chương trình chất lượng cao ngành công nghệ hoá học có gì khác ạ,3acdfd93
0,cho e hỏi là đăng kí thi vào khoa học máy tính mà hiện tại chưa biết gì về công nghệ thông tin thì có được không ạ,1907e079
1,thầy ơi chương trình chất lượng cao và liên kết có những điểm nào khác nhau ạ,553fddeb
2,cho em hỏi trường chuyên với trường thường thì xét ưu tiên xét tuyển như nhau ạ,135d7d48
0,cho em hỏi khi nào có chỉ tiêu cụ thể cho từng phương thức tuyển sinh ạ,d37ae31a
2,cho em hỏi là khi viết bài luận cho phương thức xét tuyển ưu tiên thì viết những gì ạ,8e95a7e5
2,ưu tiên xét tuyển ngày nào và gồm những gì vậy ạ,0d2a2a47
3,ngành công nghệ sinh học thì sao ạ,4cefe1ef
0,bây giờ em không biết tiếng nhật thì khi vào công nghệ thông tin việt nhật có học được không ạ,4c0258d0
3,ngành cơ điện tử mình cần những yêu cầu nào ạ yêu cầu như thế nào về ngành này,8f6d62b3
1,thầy ơi thầy nói rõ điểm khác biệt của chương trình đại trà và chất lượng cao được không ạ,6e34552d
1,chương trình chất lượng cao và liên kết có những điểm nào khác nhau ạ,8439fdfa
1,thầy ơi nói rõ hơn về chương trình đại trà và chất lượng cao được không ạ,ead35c9d
1,hệ đại trà và hệ chất lượng cao khác nhau như thế nào ạ,3c9c4714
0,chỉ tiêu cho ngành khoa học máy tính bằng đánh giá năng lực là bao nhiêu ạ,d7eb2fbe
2,xét học bạ thì thế nào ạ,d6962e58
2,em muốn hỏi về việc ưu tiên xét tuyển dạng trường chuyên ạ,f80be007
2,ngành kiến trúc có xét điểm đánh giá năng lực không ạ,5d960244
2,năm nay có tính điểm ưu tiên không ạ,2366e4ce
0,cho em hỏi học phí đại trà có tăng lên không ạ,5e17a197
0,điểm khối a và a1 có lệch nhiều không ạ,8bc58679
3,cho em hỏi là ngành kỹ thuật hoá học có đảm bảo đầu ra sau này không ạ,f23254e8
2,diện ưu tiên xét tuyển theo đại học quốc gia khi nào mới nộp hồ sơ vậy thầy,71c6a472
0,em muốn hỏi về ngành công nghệ sinh học trường xét khối b toán hóa sinh lấy điểm sao ạ,37148bc3
2,cho em hỏi phương thức xét tuyển học bạ như thế nào ạ,209bf079
0,cho em hỏi phân ngành trong khoa cơ khí gồm những gì ạ,ba91b525
3,kỹ sư dầu khí bây giờ có nên học không ạ,1af724c9
3,ngành kỹ thuật ôtô cần những gì vậy thầy,e0dfc683
3,ngành công nghệ sinh học ở trường có cơ hội việc làm như thế nào ạ,5950da00
3,em xin hỏi thầy hiền về cơ hội nghề nghiệp của ngành kỹ thuật hệ thống công nghiệp ạ,2b47d565
3,ngành dệt may có nhiều liên kết với các công ty nước ngoài không ạ,a18e7213
3,cho em hỏi thêm sự khác nhau giữa chuyên ngành kỹ thuật hóa dệt và kỹ thuật dệt của trường mình ạ,095927b7
3,nếu học logistic thì bằng cấp sẽ là kỹ sư hay cử nhân ạ,94699404
3,xin ban tư vấn cho biết tương lai của ngành cơ kỹ thuật,de9adeee
3,cho em hỏi công nghệ nhiệt lạnh sẽ làm những công việc cụ thể nào ạ,d536de54
3,cho em hỏi về logistics thì sau này ra trường em có thể làm bên mảng kinh tế hay kỹ thuật hay cả 2 ạ,19601395
3,nếu học logistics thì có cơ hội đi du học nước ngoài không ạ,d60b15a9
3,giờ giá dầu thế giới giảm quá trời có nên học ngành dầu khí không ạ,6c431f37
3,theo học ngành kỹ thuật dệt sẽ được dạy về những gì ạ,276824fd
3,nếu em muốn học về kỹ thuật robot thì có nên học tự động hóa hay cơ điện tử ạ,84ca14fb
3,học dệt may có phải học nhiều về máy móc kỹ thuật không ạ,4cb52247
3,ngành dầu khí giờ có nên học không ạ,93f57a12
0,cho em hỏi học kỹ thuật dệt có phù hợp cho nam không ạ,8ab5c5fe
0,nữ học cơ khí có khó khăn hơn nam không ạ,2f545568
3,dạ thầy cô cho em hỏi ngành điện điện tử và cơ điện tử khác nhau như thế nào ạ,71fb0ee4
3,thầy cô cho em hỏi là em muốn học về robot thì nên học tự động hóa hay cơ điện tử vậy ạ,9db91d4b
3,thầy cô ơi cho em hỏi ngành kỹ thuật dệt may có dạy về thiết kế thời trang không ạ,eaa7bd08
3,thầy cô nói thêm về ngành logistics được không ạ,9866e73c
3,thầy cho em hỏi về sự khác nhau giữa hóa dược của khoa hóa và ngành dược của các trường y ạ,4ad8a38b
1,thầy ơi thầy cho em hỏi bên mình có ngành hóa dược chương trình chất lượng cao không ạ,723a490a
3,em cũng có thắc mắc là kỹ thuật dầu khí của khoa địa chất dầu khí với hóa dầu của khoa hóa có gì khác ạ,312fb9e4
3,cho e xin hỏi ngành quản lí môi trường và kỹ thuật môi trường thì nó khác biệt như thế nào ạ,37152c34
3,e đang dự định học ngành kỹ thuật môi trường không biết là học xong đầu ra e sẽ ra đâu làm và chỉ tiêu xin việc cao không ạ e cám ơn,3f5cd92d
3,cho em hỏi ngành kỹ thuật môi trường ngoài thiết kế ra còn có chuyên môn nào khác không ạ,1f928272
3,cho em hỏi tiềm năng của ngành vật liệu trong những năm sắp tới đây ạ,64d33bff
3,cho em hỏi nếu là kỹ sư môi trường ở bách khoa ra trường sẽ làm những gì ạ,8899e824
3,cho em hỏi tương lai ngành khoan khai thác khoa kỹ thuật địa chất và dầu khí cơ hội việc làm sẽ ra sao ạ,cf10bfd7
3,cho em hỏi lại ngành logistic trường mình đào tạo thế nào ra trường công việc thế nào ạ,6ded331e
3,em muốn được tư vấn về ngành kỹ thuật hàng không ạ,8a6f804b
3,cho em hỏi ngành kỹ thuật ô tô sẽ đi thực tập ở đâu ạ,fc99cc34
3,em muốn hỏi về định hướng tương lai ngành tàu thủy nhờ các thầy cô trả lời giúp ạ,8596f4c7
0,điểm đánh giá năng lực thường chiếm bao nhiêu phần trăm chỉ tiêu vậy ạ,6eb02a44
3,cho em hỏi ngành bảo dưỡng công nghiệp vừa học điện vừa học cơ khí đúng không ạ,5374fb16
3,quản lý công nghiệp thì như nào ạ,25cedcaf
0,dạ cho em hỏi về kỹ thuật ô tô ạ chương trình học bao nhiêu chỉ ạ,a009d700
3,dạ cho em hỏi học kỹ thuật giao thông thì mình có cơ hội nghề nghiệp như nào ạ,18770b5d
3,chào các thầy cho em hỏi em học ngành bảo dưỡng công nghiệp sau khi tốt nghiệp có thể làm bảo dưỡng máy bay không ạ,4411d857
0,công nghiệp hoá học tại bách khoa hồ chí minh cần bao nhiêu điểm à,4e2a018e
3,học cơ khí chế tạo học ngành phụ bão dưỡng hàng không được không ạ,ef1bc44a
3,cho em hỏi kỹ sư bảo dưỡng công nghiệp có được đào tạo bảo dưỡng máy bay không ạ,89c0f69c
3,thầy cô cho em hỏi em nghe nói học các ngành cơ khí vẫn có thể làm ở hàng không ạ,59bc9efd
2,cho em hỏi năm nay về thời gian nộp đơn đăng kí ưu tiên xét tuyển ạ em xin cảm ơn,3c5b5bdb
3,cho e hỏi là khoa học máy tính và kỹ thuật máy tính khác nhau như thế nào ạ,2399b894
3,cho em hỏi về ngành công nghệ ô tô ạ,6186c05d
2,thầy ơi cho em hỏi mình xet tuyển điểm thi đánh giá năng lực như thế nào ạ nó có giống với kì thi trung học phổ thông không ạ,ed19574e
3,ngành logistics có cơ hội việc làm như thế nào ạ,cae2d412
3,xin cho e tư vấn về ngành công nghệ thông tin với ạ,0b4044b1
2,khi nào trường công bố điểm chuẩn của kỳ thi đánh giá năng lực,9185b420
1,chương trình liên kết quốc tế thì bằng của trường mình hay trường bạn vậy thầy,f3911623
3,em muốn hỏi về sự khác nhau về ngành kỹ thuật máy tính và khoa học máy tính ạ triển vọng của nghề này như thế nào ạ,b1498934
3,cho em hỏi là ngành kỹ thuật điều khiển và tự động hoá có tiềm năng ở việt nam sau này không ạ,e183c9e0
3,cho em hỏi ngành kỹ thuật môi trường ạ cơ hội việc làm và làm những gì ạ,4705912e
3,cho em hỏi nếu học khoa học máy tính thì sau tốt nghiệp có thể ra làm việc liên quan về ngành công nghệ thông tin được không ạ,37aa9026
3,em muốn hiểu thêm về cơ hội nghề nghiệp của ngành kỹ thuật nhiệt ạ,998830e9
3,cho em xin tư vấn về ngành khoa học máy tính và cơ hội việc làm sau ra trường ạ,abbddf0a
1,trường mình có có đào tạo chất lượng cao ngành logistics không vậy ạ,5b423fbf
0,ngành khoa học máy tính có những chuyên ngành nào vậy ạ,e6074719
3,kỹ sư hóa học và công nghệ thực phẩm có liên quan gì đến nhau vậy ạ,8dea2057
0,ngành khoa học máy tính đào tạo bao nhiêu năm ạ,f78010f5
3,trường có đào tạo trí tuệ nhân tao không ạ,9cc9c1e8
1,cho em hỏi chương trình liên kết quốc tế có được đi nước ngoài không ạ,c4e1f0db
3,cho em hỏi về ngành logistics và kỹ thuật hệ thống công nghiệp có gì khác ạ,f929dc93
3,các thầy nói thêm về ngành kỹ thuật y sinh đi ạ,e7301408
3,thầy ơi tư vấn về ngành công nghệ sinh học cho em được không ạ,a3288fca
3,cho em hỏi về ngành kỹ thuật hoá học và cơ hội về việc làm sau này ạh,05b6b904
3,cho em xin giới thiệu về ngành kỹ thuật robot ạ,2d0053d3
3,ngành khoa học máy tính sau này ra làm công việc gì ạ,dde81d56
3,em muốn học tự động hoá thì tương lai sẽ có ngành nghề gì phù hợp ạ,330a8996
3,dạ cho em hỏi về đầu ra và cơ hội nghề nghiệp ngành cơ khí như thế nào ạ em vẫn chưa rõ lắm ạ,ca7f57df
